{
"length":{
    "meter": 1,
    "centimeter": 0.01,
    "millimeter": 0.001,
    "kilometer": 1000,
    "mile": 1609.344,
    "yard": 0.9144,
    "foot": 0.3048,
    "inch": 0.0254,
    "nautical mile": 1852.0
    }, "mass": {
    "kilogram": 1,
    "gram": 0.001,
    "milligram": 0.000001,
    "tonne": 1000,
    "pound": 0.45359237,
    "ounce": 0.028349523125,
    "carat": 0.0002,
    "grain": 0.00006479891,
    "dram": 0.0017718452,
    "slug": 14.593902937
}

}