{
"length":{
    "Meters": 1,
    "Centimeters": 0.01,
    "Millimeters": 0.001,
    "Kilometers": 1000,
    "Miles": 1609.344,
    "Yards": 0.9144,
    "Feet": 0.3048,
    "Inches": 0.0254,
    "Nautical Miles": 1852.0
    }, "mass": {
    "Kilograms": 1,
    "Grams": 0.001,
    "Milligrams": 0.000001,
    "Tonnes": 1000,
    "Pounds": 0.45359237,
    "Ounces": 0.028349523125,
    "Carats": 0.0002,
    "Grains": 0.00006479891,
    "Dram": 0.0017718452,
    "Slugs": 14.593902937
}

}